"CELLPHONE_ID","BRAND","MODEL_OF_MOBILE","OPERATING_SYSTEM","INTERNAL_MEMORY","RAM","PERFORMANCE_OF_MOBILE","MAIN_CAMERA","SELFIE_CAMERA","BATTERY_SIZE","SCREEN_SIZE","WEIGHT","PRICE","RELEASE_DATE","QUANTITY","QUANTITY_SOLD"
120001,"Apple","iPhone SE (2022)","iOS",128,4,7.23,12,7,2018,4.7,144,137990,18-MAR-22,50,32
120002,"Apple","iPhone 13 Mini","iOS",128,4,7.72,12,12,2438,5.4,141,128500,24-SEP-21,50,32
120003,"Apple","iPhone 13","iOS",128,4,7.75,12,12,3240,6.1,174,350001,24-SEP-21,50,16
120004,"Apple","iPhone 13 Pro","iOS",256,6,7.94,12,12,3065,6.1,204,97000,24-SEP-21,50,32
120005,"Apple","iPhone 13 Pro Max","iOS",256,6,8.01,12,12,4352,6.7,240,119000,24-SEP-21,50,32
120006,"Apple","iPhone XR","iOS",64,3,4.22,12,7,2942,6.1,194,141500,26-OCT-18,50,13
120007,"Asus","Zenfone 8","Android",128,8,6.76,64,12,4000,5.9,169,36000,12-MAY-21,50,16
120008,"Samsung","Galaxy A13","Android",32,3,1.36,50,8,5000,6.6,196,44000,23-MAR-22,50,32
120009,"Samsung","Galaxy A32","Android",64,4,2.2,48,13,5000,6.5,205,7500,22-JAN-21,50,20
120010,"Samsung","Galaxy A53","Android",128,6,3.79,64,32,5000,6.5,189,40000,24-MAR-22,50,8
120011,"Samsung","Galaxy S22","Android",128,8,8.81,50,10,3700,6.1,167,107000,25-FEB-22,50,16
120012,"Samsung","Galaxy S22 Plus","Android",128,8,7.22,50,10,4500,6.6,195,35000,25-FEB-22,50,5
120013,"Samsung","Galaxy S22 Ultra","Android",128,8,9.68,108,40,5000,6.8,228,30000,25-FEB-22,50,5
120014,"Samsung","Galaxy Z Flip 3","Android",128,8,5.96,12,10,3300,6.7,183,56000,11-AUG-21,50,8
120015,"Samsung","Galaxy Z Fold 3","Android",256,12,6.35,12,4,4400,7.6,271,47990,11-AUG-21,50,10
120016,"Google","Pixel 6 ?","Android",128,8,6.76,50,8,4614,6.4,207,80000,28-OCT-21,50,40
120017,"Google","Pixel 6a","Android",128,6,6.88,12,8,4410,6.1,178,34000,21-JUL-21,50,10
120018,"Google","Pixel 6 Pro?","Android",128,12,7.19,50,11,5003,6.7,210,16500,28-OCT-21,50,4
120019,"OnePlus","Nord N20","Android",128,6,3.8,64,16,4500,6.4,173,3890,28-APR-22,50,8
120020,"OnePlus","Nord 2T","Android",128,8,6.04,50,32,4500,6.4,190,250000,21-MAY-22,50,8
120021,"OnePlus","10 Pro","Android",128,8,8.86,48,32,5000,6.7,201,18500,11-JAN-22,50,11
120022,"OnePlus","10T","Android",128,8,11,50,16,4800,6.7,204,35000,06-AUG-22,50,16
120023,"Oppo","Find X5 Pro","Android",256,12,10.12,50,32,5000,6.7,218,120000,14-MAR-22,50,32
120024,"Vivo","X80 Pro","Android",256,8,9.81,50,32,4700,6.7,215,95000,29-APR-22,50,32
120025,"Xiaomi","Redmi Note 11","Android",128,4,2.44,50,13,5000,6.4,179,35000,09-FEB-22,50,16
120026,"Xiaomi","11T Pro","Android",256,8,7.59,108,16,5000,6.6,204,110000,05-OCT-21,50,32
120027,"Xiaomi","12 Pro","Android",128,8,9.85,50,32,4600,6.7,204,18000,31-DEC-21,50,32
120028,"Xiaomi","Poco F4","Android",128,8,6.98,64,20,4500,6.6,195,38900,27-JUL-22,50,13
120029,"Sony","Xperia Pro","Android",512,12,6.82,12,8,4000,6.5,225,33000,27-JAN-21,50,16
120030,"Motorola","Moto G Stylus (2022)","Android",128,6,2.3,50,16,5000,6.8,215,17800,27-APR-22,50,32
120031,"Motorola","Moto G Play (2021)","Android",32,3,1.42,13,5,5000,6.5,204,44999,14-JAN-21,50,20
120032,"Motorola","Moto G Pure","Android",32,3,1.02,13,5,4000,6.5,188,40000,14-OCT-21,50,8
120033,"Motorola","Moto G Power (2022)","Android",64,4,1.35,50,8,5000,6.5,203,21499,22-FEB-22,50,16
120034,"Infinix","Hot 10","Android",64,4,1.36,64,10,4500,6.5,144,31000,18-MAR-22,50,5
120035,"Huawei","Y3","Android",128,4,2.2,50,40,5000,6.1,141,10000,24-SEP-21,50,5
120036,"LG","V50 Thinq5G","Android",128,4,3.79,48,10,3300,6.6,174,60000,24-SEP-21,50,8
120037,"Sony","Xperia Z3","Android",128,6,8.81,64,4,4400,6.8,204,41500,24-SEP-21,50,7
120038,"Oppo","F19","Android",128,6,7.22,50,8,4614,6.7,240,43000,24-SEP-21,50,12
120039,"OnePlus","9R","Android",128,3,9.68,50,8,4410,7.6,194,25500,26-OCT-18,50,12
120040,"BlackBerry","9720","Android",256,8,5.96,108,11,5003,6.4,169,32000,12-MAY-21,50,12
120041,"Realme","7","Android",128,3,6.35,12,16,4500,6.1,196,50500,23-MAR-22,50,12
120042,"China","Mobile","Android",128,4,6.76,12,32,4500,6.7,205,19500,22-JAN-21,50,7
120043,"Vivo","Y1s","Android",128,6,6.88,50,32,5000,6.4,189,20000,24-MAR-22,50,12
120044,"Asus","ROG","Android",128,8,7.19,12,16,4800,6.4,167,12500,25-FEB-22,50,8
120045,"Ag-tel","C1","Android",128,8,3.8,50,32,5000,6.7,195,16500,25-FEB-22,50,13
120046,"Sharp","nord TR","Android",128,8,6.04,64,32,4700,6.7,228,185000,25-FEB-22,50,32
120047,"Moto","G4","Android",128,8,8.86,50,13,5000,6.7,183,250000,11-AUG-21,50,10
120048,"Microsoft","Lumia","Android",256,12,11,48,16,5000,6.7,271,26990,11-AUG-21,50,10
120049,"iPro","Mobile","Android",256,8,10.12,50,32,4600,6.4,207,20000,28-OCT-21,50,40
120050,"ZTE","Blade","Android",128,6,9.81,50,20,4500,6.6,178,32500,21-JUL-21,50,10
120051,"Samsung Galaxy ","A03s ","Android",256,12,2.44,50,8,4000,6.7,210,62500,28-OCT-21,50,4
120052,"Samsung Galaxy ","A50s","Android",128,6,7.59,50,16,5000,6.6,173,174900,28-APR-22,50,8
120053,"Samsung Galaxy"," M12","Android",128,8,9.85,108,5,5000,6.5,190,22000,21-MAY-22,50,8
120054,"Samsung Galaxy ","M02 ","Android",512,8,6.98,50,5,4000,6.8,201,19500,11-JAN-22,50,11
120055,"Asus","Zenfone 8","Android",128,8,6.82,64,8,5000,6.5,204,41990,06-AUG-22,50,16
120056,"Samsung","Galaxy A13","Android",32,12,2.3,12,7,2438,6.5,218,39999,14-MAR-22,50,32
120057,"Samsung","Galaxy A32","Android",32,8,1.42,12,12,3240,6.5,215,14000,29-APR-22,50,32
120058,"Samsung","Galaxy A53","Android",64,4,1.02,12,12,3065,6.6,179,115000,09-FEB-22,50,16
120059,"Samsung","Galaxy S22","Android",128,4,1.35,12,12,4352,6.7,204,219000,05-OCT-21,50,32
120060,"Samsung","Galaxy S22 Plus","Android",128,4,7.72,12,12,2942,6.6,204,12500,31-DEC-21,50,32
120061,"Samsung","Galaxy S22 Ultra","Android",128,4,7.75,12,7,4000,6.5,195,46000,27-JUL-22,50,13
120062,"Samsung","Galaxy Z Flip 3","Android",256,6,7.94,64,12,5000,6.8,225,40000,27-JAN-21,50,16
120063,"Samsung","Galaxy Z Fold 3","Android",256,6,8.01,50,8,5000,6.5,215,26500,27-APR-22,50,32
120064,"Google","Pixel 6 ?","Android",64,3,4.22,48,13,5000,6.5,204,30000,14-JAN-21,50,20
120065,"Google","Pixel 6a","Android",128,8,6.76,64,32,3700,6.5,188,32000,14-OCT-21,50,8
120066,"Google","Pixel 6 Pro?","Android",32,3,1.36,50,10,4500,6.5,203,31500,22-FEB-22,50,16
120067,"OnePlus","Nord N20","Android",64,4,2.2,50,10,5000,6.1,141,92900,22-JAN-21,50,5
120068,"OnePlus","Nord 2T","Android",128,6,3.79,108,40,3300,6.6,174,21000,24-MAR-22,50,5
120069,"OnePlus","10 Pro","Android",128,8,8.81,12,10,4400,6.8,204,14500,25-FEB-22,50,8
120070,"OnePlus","10T","Android",128,8,7.22,12,4,4614,6.7,240,35000,25-FEB-22,50,10
120071,"Oppo","Find X5 Pro","Android",128,8,9.68,50,8,4410,7.6,194,15500,25-FEB-22,50,40
120072,"Vivo","X80 Pro","Android",128,8,5.96,12,8,5003,6.4,169,18500,11-AUG-21,50,10
120073,"Xiaomi","Redmi Note 11","Android",256,12,6.35,50,11,4500,6.1,196,23000,11-AUG-21,50,4
120074,"Xiaomi","11T Pro","Android",128,8,6.76,64,16,4500,6.7,205,21000,28-OCT-21,50,8
120075,"Xiaomi","12 Pro","Android",128,6,6.88,50,32,5000,6.4,189,95000,21-JUL-21,50,8
120076,"Xiaomi","Poco F4","Android",128,12,7.19,48,32,4800,6.4,167,59990,28-OCT-21,50,11
120077,"Sony","Xperia Pro","Android",128,6,3.8,50,16,5000,6.7,195,60500,28-APR-22,50,16
120078,"Motorola","Moto G Stylus (2022)","Android",128,8,6.04,50,32,4700,6.7,228,110000,21-MAY-22,50,32
120079,"Motorola","Moto G Play (2021)","Android",128,8,8.86,50,32,5000,6.7,183,21000,11-JAN-22,50,32
120080,"Motorola","Moto G Pure","Android",128,8,11,50,13,5000,6.7,271,7000,06-AUG-22,50,16
120081,"Motorola","Moto G Power (2022)","Android",256,12,10.12,108,16,4600,6.4,207,79999,14-MAR-22,50,32
120082,"Infinix","Hot 10","Android",256,8,9.81,50,32,4500,6.6,178,28000,29-APR-22,50,32
120083,"Huawei","Y3","Android",128,4,2.44,64,20,4000,6.7,210,27500,09-FEB-22,50,13
120084,"LG","V50 Thinq5G","Android",256,8,7.59,12,8,5000,6.6,173,26500,05-OCT-21,50,16
120085,"Sony","Xperia Z3","Android",128,8,9.85,50,16,5000,6.5,190,69900,31-DEC-21,50,32
120086,"Oppo","F19","Android",128,8,6.98,13,5,4000,6.8,201,38000,27-JUL-22,50,20
120087,"OnePlus","9R","Android",512,12,6.82,13,5,5000,6.5,204,40500,27-JAN-21,50,8
120088,"BlackBerry","9720","Android",128,6,2.3,50,8,4500,6.5,218,45000,27-APR-22,50,16
120089,"Realme","7","Android",32,3,1.42,64,10,5000,6.6,215,4000,14-JAN-21,50,5
120090,"China","Mobile","Android",32,3,1.02,50,40,3300,6.7,179,16500,14-OCT-21,50,5
120091,"Vivo","Y1s","Android",64,4,1.35,48,10,4400,6.6,204,42500,22-FEB-22,50,8
120092,"Asus","ROG","Android",64,4,1.36,64,4,4614,6.5,204,18000,18-MAR-22,50,7
120093,"Ag-tel","C1","Android",128,4,2.2,50,8,4410,6.8,195,16000,24-SEP-21,50,12
120094,"Sharp","Nord 2T","Android",,4,3.79,50,8,5003,6.5,225,4500,24-SEP-21,50,12
120095,"Moto","10 Pro","Android",128,6,8.81,108,11,4500,6.5,215,49990,24-SEP-21,50,12
120096,"Microsoft","10T","Android",128,6,7.22,12,16,4500,6.5,204,13500,24-SEP-21,50,12
120097,"iPro","Find X5 Pro","Android",128,3,,12,32,5000,6.5,188,22500,26-OCT-18,50,7
120098,"ZTE","X80 Pro","Android",256,8,5.96,50,32,4800,6.1,203,22000,12-MAY-21,50,12
120099,"Samsung Galaxy ","Redmi Note 11","Android",128,3,6.35,12,16,5000,6.6,144,64990,23-MAR-22,50,8
120100,"Samsung Galaxy ","11T Pro","Android",128,4,6.76,50,32,4700,6.8,141,19000,22-JAN-21,50,13
120101,"Samsung Galaxy","12 Pro","Android",128,6,6.88,64,32,5000,6.7,174,35500,24-MAR-22,50,32
120102,"Samsung Galaxy ","Poco F4","Android",128,,7.19,50,13,5000,7.6,204,270000,25-FEB-22,50,10
120103,"OnePlus","Xperia Pro","Android",128,8,3.8,48,16,4600,6.4,240,40000,25-FEB-22,50,10
120104,"Oppo","Moto G Stylus (2022)","Android",128,8,6.04,50,32,4500,6.1,194,13000,25-FEB-22,50,40
120105,"Vivo","Moto G Play (2021)","Android",128,8,8.86,50,20,4000,6.7,169,258000,11-AUG-21,50,10
120106,"Xiaomi","Moto G Pure","Android",256,12,11,50,8,5000,6.4,196,27000,11-AUG-21,50,4
120107,"Xiaomi","Moto G Power (2022)","Android",256,8,10.12,50,16,5000,6.4,205,35990,28-OCT-21,50,8
120108,"Xiaomi","Hot 10","Android",128,6,9.81,108,5,4000,6.7,189,26500,21-JUL-21,50,8
120109,"Xiaomi","Y3","Android",256,12,2.44,50,5,5000,6.7,167,23000,28-OCT-21,50,11
120110,"Sony","V50 Thinq5G","Android",128,6,7.59,64,8,5000,6.7,195,127990,28-APR-22,50,16
120111,"Motorola","Xperia Z3","Android",128,8,9.85,12,7,4700,6.7,228,84900,18-MAR-22,50,32
120112,"Motorola","F19","Android",512,8,6.98,12,12,5000,6.4,183,40000,24-SEP-21,50,32
120113,"Motorola","9R","Android",128,8,6.82,12,12,5000,6.6,271,36900,24-SEP-21,50,16
120114,"Motorola","9720","Android",32,12,2.3,12,12,4600,6.7,207,235000,24-SEP-21,50,32
120115,"Infinix","7","Android",32,8,1.42,12,12,4500,6.6,178,27500,24-SEP-21,50,32
120116,"Huawei","Mobile","Android",64,4,1.02,12,7,4000,6.5,210,37000,26-OCT-18,50,13
120117,"LG","Y1s","Android",128,4,1.35,64,12,5000,6.8,173,72900,12-MAY-21,50,16
120118,"Sony","ROG","Android",128,4,6.88,50,8,5000,6.5,190,2700,23-MAR-22,50,32
120119,"Oppo","C1","Android",128,4,7.19,48,13,4000,6.5,201,79900,22-JAN-21,50,20
120120,"OnePlus","nord TR","Android",256,6,3.8,64,32,4000,5.9,204,105900,24-MAR-22,50,8
120121,"BlackBerry","G4","Android",256,6,6.04,50,10,5000,6.6,218,126500,25-FEB-22,50,16
120122,"Realme","Lumia","Android",64,3,8.86,50,10,5000,6.5,215,38990,25-FEB-22,50,5
120123,"China","Mobile","Android",128,8,11,108,40,5000,6.5,179,18000,25-FEB-22,50,5
120124,"Vivo","Blade","Android",32,3,10.12,12,10,3700,6.1,204,36750,11-AUG-21,50,8
120125,"Asus","A03s ","Android",64,4,9.81,12,4,4500,6.6,204,53950,11-AUG-21,50,10
120126,"Ag-tel","A50s","Android",128,6,2.44,50,8,5000,6.8,195,14000,28-OCT-21,50,40
120127,"Sharp"," M12","Android",128,8,7.59,12,8,3300,6.7,225,19000,21-JUL-21,50,10
120128,"Moto","M02 ","Android",128,8,9.85,50,11,4400,7.6,215,18000,28-OCT-21,50,4
120129,"Microsoft","Y3","Android",128,8,6.98,64,16,4614,6.4,204,66500,28-APR-22,50,8
120130,"iPro","V50 Thinq5G","Android",128,,6.82,50,32,4410,6.1,188,55990,21-MAY-22,50,8
120131,"ZTE","Xperia Z3","Android",256,12,2.3,48,32,5003,6.7,203,29990,11-JAN-22,50,11
120132,"Samsung Galaxy ","F19","Android",128,8,1.42,50,16,4500,6.4,144,59500,06-AUG-22,50,16
120133,"Samsung Galaxy ","9R","Android",128,6,1.02,50,32,4500,6.4,141,59999,14-MAR-22,50,32
120134,"Samsung Galaxy","9720","Android",128,12,1.35,50,32,5000,6.7,174,75000,29-APR-22,50,32
120135,"Samsung Galaxy ","7","Android",128,6,7.72,50,13,4800,6.7,204,21500,09-FEB-22,50,16
120136,"Infinix","Mobile","Android",128,8,7.75,108,16,5000,6.7,240,26990,05-OCT-21,50,32
120137,"Huawei","Y1s","Android",128,8,7.94,50,32,4700,6.7,194,162900,31-DEC-21,50,32
120138,"LG","ROG","Android",128,8,8.01,64,20,5000,6.4,169,45900,27-JUL-22,50,13
120139,"Sony","C1","Android",256,12,4.22,12,8,5000,6.6,196,350000,27-JAN-21,50,16
120140,"Oppo","nord TR","Android",256,8,6.76,50,16,4600,6.7,205,52500,27-APR-22,50,32
120141,"OnePlus","G4","Android",128,4,1.36,13,5,4500,6.6,189,76000,14-JAN-21,50,20
120142,"BlackBerry","Lumia","Android",256,8,2.2,13,5,4000,6.5,167,52000,14-OCT-21,50,8
120143,"Realme","Mobile","Android",128,8,3.79,50,8,5000,6.8,195,22500,22-FEB-22,50,16
120144,"China","Blade","Android",128,8,8.81,64,10,5000,6.5,228,35000,22-JAN-21,50,5
120145,"Vivo","A03s ","Android",512,12,7.22,50,40,4000,6.5,183,273900,24-MAR-22,50,5
120146,"Asus","A50s","Android",128,6,9.68,48,10,5000,6.5,271,48990,25-FEB-22,50,8
120147,"Ag-tel"," M12","Android",32,3,5.96,64,4,4500,6.5,207,12500,25-FEB-22,50,7
120148,"Sharp","M02 ","Android",32,3,6.35,50,8,5000,6.1,178,16500,25-FEB-22,50,12
120149,"Moto","Zenfone 8","Android",64,4,6.76,50,8,3300,6.6,210,15500,11-AUG-21,50,12
120150,"Microsoft","Galaxy A13","Android",64,4,6.88,108,11,4400,6.8,173,40500,11-AUG-21,50,12
120151,"iPro","Galaxy A32","Android",128,4,7.19,12,16,4614,6.7,190,26000,28-OCT-21,50,12
120152,"ZTE","Galaxy A53","Android",128,4,3.8,12,32,4410,7.6,201,16000,21-JUL-21,50,7
120153,"Samsung Galaxy ","Galaxy S22","Android",128,6,6.04,50,32,5003,6.4,204,24590,28-OCT-21,50,12
120154,"Samsung Galaxy ","Galaxy S22 Plus","Android",128,6,8.86,12,16,4500,6.1,218,21990,28-APR-22,50,8
120155,"Samsung Galaxy","Galaxy S22 Ultra","Android",128,3,11,50,32,4500,6.7,215,39990,21-MAY-22,50,13
120156,"Samsung Galaxy ","Galaxy Z Flip 3","Android",256,8,10.12,64,32,5000,6.4,179,16999,11-JAN-22,50,32
120157,"Asus","Galaxy Z Fold 3","Android",128,3,9.81,50,13,4800,6.4,204,59500,06-AUG-22,50,10
120158,"Samsung","Pixel 6 ?","Android",128,4,7.19,48,16,5000,6.7,204,138500,14-MAR-22,50,10
120159,"Samsung","Pixel 6a","Android",128,6,3.8,50,32,4700,6.7,195,265000,29-APR-22,50,40
120160,"Samsung","Pixel 6 Pro?","Android",128,8,6.04,50,20,5000,6.7,225,32900,09-FEB-22,50,10
120161,"Samsung","Nord N20","Android",128,8,8.86,50,8,5000,6.7,215,15500,05-OCT-21,50,4
120162,"Samsung","Nord 2T","Android",128,8,11,50,16,4600,6.4,204,39500,31-DEC-21,50,7
120163,"Samsung","10 Pro","Android",128,8,10.12,108,5,4500,6.6,188,168900,27-JUL-22,50,12
120164,"Samsung","10T","Android",256,12,9.81,50,5,4000,6.7,203,78999,27-JAN-21,50,12
120165,"Samsung","Find X5 Pro","Android",256,8,2.44,64,8,5000,6.6,141,40000,27-APR-22,50,12
120166,"Google","X80 Pro","Android",128,6,7.59,12,7,5000,6.5,174,99990,14-JAN-21,50,12
120167,"Google","Redmi Note 11","Android",256,12,9.85,12,12,4000,6.8,204,9000,14-OCT-21,50,7
120168,"Google","11T Pro","Android",128,6,6.98,12,12,5000,6.5,240,158000,22-FEB-22,50,12
120169,"OnePlus","12 Pro","Android",,8,6.82,12,12,2438,6.5,194,80000,18-MAR-22,50,8
120170,"OnePlus","Poco F4","Android",512,8,2.3,12,12,,6.5,169,43990,24-SEP-21,50,13
120171,"OnePlus","Xperia Pro","Android",128,8,1.42,12,7,3065,6.6,196,35000,24-SEP-21,50,32
120172,"OnePlus","Moto G Stylus (2022)","Android",32,12,1.02,64,12,4352,6.7,205,32500,24-SEP-21,50,10
120173,"Oppo","Moto G Play (2021)","Android",32,8,1.35,50,8,2942,6.6,189,23000,24-SEP-21,50,10
120174,"Vivo","Moto G Pure","Android",64,4,1.36,48,13,4000,6.5,167,31990,26-OCT-18,50,40
120175,"Xiaomi","Moto G Power (2022)","Android",128,4,2.2,64,32,5000,6.8,195,49990,12-MAY-21,50,10
120176,"Xiaomi","Hot 10","Android",128,4,3.79,50,10,5000,6.5,228,21300,23-MAR-22,50,4
120177,"Xiaomi","Y3","Android",128,4,8.81,50,10,5000,6.5,183,55000,22-JAN-21,50,8
120178,"Xiaomi","V50 Thinq5G","Android",256,6,7.22,108,40,3700,6.5,271,174900,24-MAR-22,50,8
120179,"Sony","Xperia Z3","Android",256,6,9.68,12,10,4500,6.5,207,31990,25-FEB-22,50,11
120180,"Motorola","F19","Android",64,3,5.96,12,4,5000,6.1,178,14500,25-FEB-22,50,16
120181,"Motorola","9R","Android",128,8,6.35,50,,3300,6.6,210,24000,25-FEB-22,50,32
120182,"Motorola","9720","Android",32,3,6.76,12,8,4400,6.8,173,154000,11-AUG-21,50,32
120183,"Motorola","7","Android",64,4,6.88,50,11,4614,6.7,190,26500,11-AUG-21,50,16
120184,"Infinix","Mobile","Android",128,6,7.19,64,16,4410,7.6,201,56000,28-OCT-21,50,32
120185,"Huawei","Y1s","Android",128,8,3.8,50,32,5003,6.4,204,47500,21-JUL-21,50,32
120186,"LG","ROG","Android",128,8,6.04,48,32,4500,6.1,218,55000,28-OCT-21,50,13
120187,"Sony","C1","Android",128,8,8.86,50,16,4500,6.7,215,17900,28-APR-22,50,16
120188,"Oppo","Galaxy A13","Android",128,8,11,,32,5000,6.4,179,49000,18-MAR-22,50,32
120189,"OnePlus","Galaxy A32","Android",256,12,10.12,50,32,4800,6.4,204,34500,24-SEP-21,50,20
120190,"BlackBerry","Galaxy A53","Android",128,8,9.81,50,13,5000,6.7,204,19500,24-SEP-21,50,8
120191,"Realme","Galaxy S22","Android",128,6,2.44,108,16,4700,6.7,195,10500,24-SEP-21,50,16
120192,"China","Galaxy S22 Plus","Android",128,12,7.59,50,32,5000,6.7,225,27297,24-SEP-21,50,5
120193,"Vivo","Galaxy S22 Ultra","Android",128,6,9.85,64,20,5000,6.7,215,82999,26-OCT-18,50,5
120194,"Asus","Galaxy Z Flip 3","Android",128,8,6.98,12,8,4600,6.4,204,105000,12-MAY-21,50,8
120195,"Ag-tel","Galaxy Z Fold 3","Android",128,8,6.82,50,16,4500,6.6,188,127990,23-MAR-22,50,10
120196,"Sharp","Pixel 6  ","Android",128,8,2.3,13,5,4000,6.7,203,44000,22-JAN-21,50,40
120197,"Moto","Pixel 6a","Android",256,12,1.42,13,5,5000,6.6,144,33000,24-MAR-22,50,10
120198,"Microsoft","Pixel 6 Pro ","Android",256,8,1.02,50,8,5000,6.5,141,284990,25-FEB-22,50,4
120199,"iPro","Nord N20","Android",128,4,1.35,64,10,4000,6.8,174,64990,25-FEB-22,50,8
120200,"Samsung","Nord 2T","Android",256,8,6.88,50,40,5000,6.5,204,127990,25-FEB-22,50,8
120201,"Samsung","10 Pro","Android",128,8,7.19,48,10,4500,6.5,240,13000,11-AUG-21,50,11
120202,"Samsung","10T","Android",128,8,3.8,64,4,5000,6.6,194,86500,11-AUG-21,50,16
120203,"Samsung","Find X5 Pro","Android",512,12,6.04,50,8,3300,6.7,169,63000,28-OCT-21,50,32
120204,"Samsung","X80 Pro","Android",128,6,8.86,50,8,4400,6.6,196,47000,21-JUL-21,50,32
120205,"Google","Redmi Note 11","Android",32,3,11,108,11,4614,6.5,205,51000,28-OCT-21,50,16
120206,"Google","11T Pro","Android",32,3,10.12,12,16,4410,6.8,189,127900,28-APR-22,50,32
120207,"Google","12 Pro","Android",64,4,9.81,12,32,5003,6.5,167,67999,21-MAY-22,50,32
120208,"OnePlus","Poco F4","Android",64,4,2.44,50,32,4500,6.5,195,32000,11-JAN-22,50,13
120209,"OnePlus","Xperia Pro","Android",128,4,7.59,12,16,4500,6.5,228,40000,06-AUG-22,50,16
120210,"OnePlus","Moto G Stylus (2022)","Android",128,4,9.85,50,32,5000,6.5,183,30500,14-MAR-22,50,32
120211,"OnePlus","Moto G Play (2021)","Android",128,6,6.98,64,32,4800,6.1,271,42500,29-APR-22,50,20
120212,"Oppo","Moto G Pure","Android",128,,6.82,50,13,5000,6.6,207,29500,09-FEB-22,50,8
120213,"Vivo","Moto G Power (2022)","Android",128,3,2.3,48,16,4700,6.8,178,10000,05-OCT-21,50,16
120214,"Xiaomi","Hot 10","Android",256,8,1.42,50,32,5000,6.7,210,73000,31-DEC-21,50,5
120215,"Xiaomi","Y3","Android",128,3,1.02,50,20,5000,7.6,173,62000,27-JUL-22,50,5
120216,"Xiaomi","V50 Thinq5G","Android",128,4,1.35,50,8,4600,6.4,190,32000,27-JAN-21,50,8
120217,"Xiaomi","Xperia Z3","Android",128,6,7.72,50,16,4500,6.1,144,40000,27-APR-22,50,7
120218,"Sony","F19","Android",128,8,7.75,108,5,4000,6.7,141,2000,14-JAN-21,50,12
120219,"Motorola","9R","Android",128,8,7.94,50,5,5000,6.4,174,26500,14-OCT-21,50,12
120220,"Motorola","9720","Android",128,8,8.01,64,8,5000,6.4,204,30650,22-FEB-22,50,12
120221,"Motorola","7","Android",128,8,4.22,12,7,4000,6.7,240,40000,20-JAN-21,50,12
120222,"Motorola","Mobile","Android",256,12,6.76,12,12,5000,6.7,194,33500,24-MAR-22,50,7
120223,"Infinix","Y1s","Android",256,8,1.36,12,12,5000,6.7,169,59900,25-FEB-22,50,12
120224,"Huawei","ROG","Android",128,6,2.2,12,12,4700,6.7,196,419900,25-FEB-22,50,8
120225,"LG","C1","Android",256,12,3.79,12,12,5000,6.4,205,295000,25-FEB-22,50,13
120226,"Sony","nord TR","Android",,6,7.19,12,7,5000,6.6,189,349900,11-AUG-21,50,32
120227,"Oppo","G4","Android",128,8,3.8,64,12,4600,6.7,167,39000,11-AUG-21,50,10
120228,"OnePlus","Lumia","Android",512,8,6.04,50,8,4500,6.6,195,55990,28-OCT-21,50,10
120229,"BlackBerry","Mobile","Android",128,8,8.86,48,13,4000,6.5,228,19500,21-JUL-21,50,40
120230,"Realme","Blade","Android",32,12,11,64,32,5000,6.8,183,30000,28-OCT-21,50,10
120231,"China","A03s ","Android",32,8,10.12,50,10,5000,6.5,271,29500,28-APR-22,50,4
120232,"Vivo","A50s","Android",64,4,9.81,50,10,4000,6.5,207,316900,21-MAY-22,50,8
120233,"Asus","M12","Android",128,4,2.44,108,40,4000,5.9,178,38500,11-JAN-22,50,8
120234,"Ag-tel","M02 ","Android",128,4,7.59,12,10,5000,6.6,210,40000,06-AUG-22,50,11
120235,"Sharp","Zenfone 8","Android",128,4,9.85,12,4,5000,6.5,173,55990,14-MAR-22,50,16
120236,"Moto","Galaxy A13","Android",256,6,6.98,50,8,5000,6.5,190,18000,29-APR-22,50,32
120237,"Microsoft","Galaxy A32","Android",256,6,6.82,12,8,3700,6.1,201,291900,09-FEB-22,50,32
120238,"iPro","Galaxy A53","Android",64,3,2.3,50,11,4500,6.6,204,39500,05-OCT-21,50,16
120239,"ZTE","Galaxy S22","Android",128,8,1.42,64,16,5000,6.8,218,54999,31-DEC-21,50,32
120240,"Samsung Galaxy ","Galaxy S22 Plus","Android",32,3,1.02,50,32,3300,6.7,215,38500,27-JUL-22,50,32
120241,"Samsung Galaxy ","Galaxy S22 Ultra","Android",64,4,1.35,48,32,4400,7.6,179,143900,27-JAN-21,50,13
120242,"Samsung Galaxy","Galaxy Z Flip 3","Android",128,6,1.36,50,16,4614,6.4,204,216900,27-APR-22,50,16
120243,"Samsung Galaxy ","Galaxy Z Fold 3","Android",128,8,2.2,50,32,4410,6.1,204,92000,14-JAN-21,50,32
120244,"Asus","Pixel 6  ","Android",128,8,3.79,50,32,5003,6.7,195,22500,14-OCT-21,50,20
120245,"Samsung","Pixel 6a","Android",128,8,8.81,50,13,4500,6.4,225,55500,22-FEB-22,50,8
120246,"Samsung","Pixel 6 Pro ","Android",128,8,7.22,108,16,4500,6.4,215,84100,18-MAR-22,50,16
120247,"Samsung","Nord N20","Android",256,12,9.68,50,32,5000,6.7,204,52000,24-SEP-21,50,5
120248,"Samsung","Nord 2T","Android",128,8,5.96,64,20,4800,6.7,188,173900,24-SEP-21,50,5
120249,"Samsung","10 Pro","Android",128,6,6.35,12,8,5000,6.7,203,38990,24-SEP-21,50,8
120250,"Samsung","10T","Android",128,12,6.76,50,16,4700,6.7,141,38990,24-SEP-21,50,10
120251,"Samsung","Find X5 Pro","Android",128,6,6.88,13,5,5000,6.4,174,8000,26-OCT-18,50,40
120252,"Samsung","X80 Pro","Android",128,8,7.19,13,5,5000,6.6,204,26500,12-MAY-21,50,10
120253,"Google","Redmi Note 11","Android",128,8,3.8,50,8,4600,6.7,240,34500,23-MAR-22,50,4
120254,"Google","11T Pro","Android",128,8,6.04,64,10,4500,6.6,194,19000,22-JAN-21,50,8
120255,"Google","12 Pro","Android",256,12,8.86,50,40,4000,6.5,169,2900,24-MAR-22,50,8
120256,"OnePlus","Poco F4","Android",256,8,11,48,10,5000,6.8,196,65000,25-FEB-22,50,11
120257,"OnePlus","Xperia Pro","Android",128,4,10.12,64,4,5000,6.5,205,64500,25-FEB-22,50,16
120258,"OnePlus","Moto G Stylus (2022)","Android",256,8,9.81,50,8,4000,6.5,189,120000,25-FEB-22,50,32
120259,"OnePlus","Moto G Play (2021)","Android",128,8,2.44,50,8,5000,6.5,167,17500,11-AUG-21,50,32
120260,"Oppo","Moto G Pure","Android",128,8,7.59,108,11,4500,6.5,195,39000,11-AUG-21,50,16
120261,"Vivo","Moto G Power (2022)","Android",512,12,9.85,12,16,5000,6.1,228,18500,28-OCT-21,50,32
120262,"Xiaomi","Hot 10","Android",,6,6.98,12,32,3300,6.6,183,13000,21-JUL-21,50,32
120263,"Xiaomi","Y3","Android",32,3,6.82,50,32,4400,6.8,271,,28-OCT-21,50,13
120264,"Xiaomi","V50 Thinq5G","Android",32,3,2.3,12,16,4614,6.7,207,18000,28-APR-22,50,16
120265,"Xiaomi","Xperia Z3","Android",64,4,1.42,50,32,4410,7.6,178,14500,22-JAN-21,50,32
120266,"Sony","F19","Android",64,4,1.02,64,32,5003,6.4,210,10500,24-MAR-22,50,20
120267,"Motorola","9R","Android",128,4,1.35,50,13,4500,6.1,173,39990,25-FEB-22,50,8
120268,"Motorola","9720","Android",128,4,6.88,48,16,4500,6.7,190,16500,25-FEB-22,50,16
120269,"Motorola","7","Android",128,6,7.19,50,32,5000,6.4,201,35000,25-FEB-22,50,5
120270,"Motorola","Mobile","Android",128,6,3.8,50,20,4800,6.4,204,315000,11-AUG-21,50,5
120271,"Infinix","Y1s","Android",128,3,6.04,50,8,5000,6.7,218,27000,11-AUG-21,50,8
120272,"Huawei","ROG","Android",256,8,8.86,50,16,4700,6.7,215,225000,28-OCT-21,50,7
120273,"LG","C1","Android",128,3,11,108,5,5000,6.7,179,208996,21-JUL-21,50,12
120274,"Sony","Nord 2T","Android",128,4,10.12,50,5,5000,6.7,204,10000,28-OCT-21,50,12
120275,"Oppo","10 Pro","Android",128,6,9.81,64,8,4600,6.4,204,13500,28-APR-22,50,12
120276,"OnePlus","10T","Android",128,8,2.44,12,7,4500,6.6,195,93000,21-MAY-22,50,12
120277,"BlackBerry","Find X5 Pro","Android",128,8,7.59,12,12,4000,6.7,225,113000,11-JAN-22,50,7
120278,"Realme","X80 Pro","Android",128,8,9.85,12,12,5000,6.6,215,265000,06-AUG-22,50,12
120279,"China","Redmi Note 11","Android",128,8,6.98,12,12,5000,6.5,204,33500,14-MAR-22,50,8
120280,"Vivo","11T Pro","Android",256,12,6.82,12,12,4000,6.8,188,21000,29-APR-22,50,13
120281,"Asus","12 Pro","Android",256,8,2.3,12,7,5000,6.5,203,8000,09-FEB-22,50,32
120282,"Ag-tel","Poco F4","Android",128,6,1.42,64,12,2438,6.5,144,37500,05-OCT-21,50,10
120283,"Sharp","Xperia Pro","Android",256,12,1.02,50,8,3240,6.5,141,59990,31-DEC-21,50,10
120284,"Moto","Moto G Stylus (2022)","Android",128,6,1.35,48,13,3065,6.6,174,58990,27-JUL-22,50,40
120285,"Microsoft","Moto G Play (2021)","Android",128,8,7.72,64,32,4352,6.7,204,60990,27-JAN-21,50,10
120286,"iPro","Moto G Pure","Android",512,8,7.75,50,10,2942,6.6,240,35900,27-APR-22,50,4
120287,"ZTE","Moto G Power (2022)","Android",128,8,7.94,50,10,4000,6.5,194,28000,14-JAN-21,50,8
120288,"Samsung Galaxy ","Hot 10","Android",32,12,8.01,108,40,5000,6.8,169,5500,14-OCT-21,50,8
120289,"Samsung Galaxy ","Y3","Android",32,8,4.22,12,10,5000,6.5,196,38990,22-FEB-22,50,11
120290,"Samsung Galaxy","V50 Thinq5G","Android",64,4,6.76,12,4,5000,6.5,205,11000,18-MAR-22,50,16
120291,"Samsung Galaxy ","Xperia Z3","Android",128,4,1.36,50,8,3700,6.5,189,32500,24-SEP-21,50,32
120292,"OnePlus","F19","Android",128,4,2.2,12,8,4500,6.5,167,71000,24-SEP-21,50,32
120293,"Oppo","9R","Android",128,4,3.79,50,11,5000,6.1,195,21000,24-SEP-21,50,16
120294,"Vivo","Mobile","Android",256,6,7.19,64,16,3300,6.6,228,13500,24-SEP-21,50,32
120295,"Xiaomi","Y1s","Android",256,6,3.8,50,32,4400,6.8,183,24000,26-OCT-18,50,32
120296,"Xiaomi","ROG","Android",64,3,6.04,48,32,4614,6.7,271,63000,12-MAY-21,50,13
120297,"Xiaomi","C1","Android",128,8,8.86,50,16,4410,7.6,207,51000,23-MAR-22,50,16
120298,"Xiaomi","nord TR","Android",32,3,11,50,32,5003,6.4,178,22500,22-JAN-21,50,32
120299,"Sony","G4","Android",64,4,10.12,50,32,4500,6.1,210,33500,24-MAR-22,50,20
120300,"Motorola","Lumia","Android",128,6,9.81,50,13,4500,6.7,173,13500,25-FEB-22,50,8
120301,"Motorola","Mobile","Android",128,8,2.44,108,16,5000,6.4,190,76500,25-FEB-22,50,16
120302,"Motorola","Blade","Android",128,8,7.59,50,32,4800,6.4,141,50000,25-FEB-22,50,5
120303,"Motorola","A03s ","Android",128,8,9.85,64,20,5000,6.7,174,55000,11-AUG-21,50,5
120304,"Infinix","A50s","Android",128,8,6.98,12,8,4700,6.7,204,40000,11-AUG-21,50,8
120305,"Huawei"," M12","Android",256,12,6.82,50,16,5000,6.7,240,27999,28-OCT-21,50,10
120306,"LG","M02 ","Android",128,8,2.3,13,5,5000,6.7,194,101500,21-JUL-21,50,40
120307,"Sony","Zenfone 8","Android",128,6,1.42,13,5,4600,6.4,,5500,28-OCT-21,50,10
120308,"Oppo","Galaxy A13","Android",128,12,1.02,50,8,4500,6.6,196,35500,28-APR-22,50,4
120309,"OnePlus","Galaxy A32","Android",128,6,1.35,64,10,4000,6.7,205,380000,18-MAR-22,50,8
120310,"BlackBerry","Galaxy A53","Android",128,8,1.36,50,40,5000,6.6,189,30500,24-SEP-21,50,8
120311,"Realme","Galaxy S22","Android",128,8,2.2,48,10,5000,6.5,167,39500,24-SEP-21,50,11
120312,"China","Galaxy S22 Plus","Android",128,8,3.79,64,4,4000,6.8,195,65500,24-SEP-21,50,16
120313,"Vivo","Galaxy S22 Ultra","Android",256,12,8.81,50,8,5000,6.5,228,265000,24-SEP-21,50,32
120314,"Asus","Galaxy Z Flip 3","Android",256,8,7.22,50,8,4500,6.5,183,40000,26-OCT-18,50,32
120315,"Ag-tel","Galaxy Z Fold 3","Android",128,4,9.68,108,11,5000,6.6,271,41000,12-MAY-21,50,16
120316,"Sharp","Pixel 6 ?","Android",256,8,5.96,12,16,3300,6.7,207,33000,23-MAR-22,50,32
120317,"Moto","Pixel 6a","Android",128,8,6.35,12,32,4400,6.6,178,54500,22-JAN-21,50,32
120318,"Microsoft","Pixel 6 Pro?","Android",128,8,6.76,50,32,4614,6.5,210,38500,24-MAR-22,50,13
120319,"iPro","Nord N20","Android",512,12,6.88,12,16,4410,6.8,173,45500,25-FEB-22,50,16
120320,"ZTE","Nord 2T","Android",128,6,7.19,50,32,5003,6.5,190,33800,25-FEB-22,50,32
120321,"Samsung Galaxy ","10 Pro","Android",32,3,3.8,64,32,4500,6.5,201,3500,25-FEB-22,50,20
120322,"Samsung Galaxy ","10T","Android",32,3,6.04,50,13,4500,6.5,204,39900,11-AUG-21,50,8
120323,"Samsung Galaxy","Find X5 Pro","Android",64,4,8.86,48,16,5000,6.5,218,28999,11-AUG-21,50,16
120324,"Samsung Galaxy ","X80 Pro","Android",64,4,11,50,32,4800,6.1,215,25900,28-OCT-21,50,5
120325,"Infinix","Redmi Note 11","Android",128,,10.12,50,20,5000,6.6,179,143900,21-JUL-21,50,
120326,"Huawei","11T Pro","Android",128,4,9.81,50,8,4700,6.8,204,30500,28-OCT-21,50,8
120327,"LG","12 Pro","Android",128,6,2.44,50,16,5000,6.7,204,75000,28-APR-22,50,7
120328,"Sony","Poco F4","Android",128,6,7.59,108,5,5000,7.6,195,29500,21-MAY-22,50,12
120329,"Oppo","Xperia Pro","Android",128,3,9.85,50,5,4600,6.4,225,27990,11-JAN-22,50,12
120330,"OnePlus","Moto G Stylus (2022)","Android",256,8,6.98,64,8,4500,6.1,215,39900,06-AUG-22,50,12
120331,"BlackBerry","Moto G Play (2021)","Android",128,3,6.82,12,7,4000,6.7,204,15000,14-MAR-22,50,12
120332,"Realme","Moto G Pure","Android",128,4,2.3,12,12,5000,6.4,188,9500,29-APR-22,50,7
120333,"China","Moto G Power (2022)","Android",128,6,1.42,12,12,5000,6.4,203,37500,09-FEB-22,50,12
120334,"Vivo","Hot 10","Android",128,8,1.02,12,12,4000,6.7,144,2900,05-OCT-21,50,8
120335,"Asus","Y3","Android",128,8,1.35,12,12,5000,6.7,141,12000,31-DEC-21,50,13
120336,"Ag-tel","V50 Thinq5G","Android",128,8,6.88,12,7,5000,6.7,174,52000,27-JUL-22,50,32
120337,"Sharp","Xperia Z3","Android",128,8,7.19,64,12,4700,6.7,204,72500,27-JAN-21,50,10
120338,"Moto","F19","Android",256,12,3.8,50,8,5000,6.4,240,16000,27-APR-22,50,10
120339,"Microsoft","9R","Android",256,8,6.04,48,13,5000,6.6,194,290000,14-JAN-21,50,40
120340,"iPro","9720","Android",128,6,8.86,64,32,4600,6.7,169,38900,14-OCT-21,50,10
120341,"ZTE","7","Android",256,12,11,50,10,4500,6.6,196,74500,11-JAN-22,50,4
120342,"Samsung Galaxy ","Mobile","Android",128,6,10.12,50,10,4000,6.5,205,61000,06-AUG-22,50,8
120343,"Samsung Galaxy ","Y1s","Android",128,8,9.81,108,40,5000,6.8,189,203500,14-MAR-22,50,8
120344,"Samsung Galaxy","ROG","Android",512,8,2.44,12,10,5000,6.5,167,39900,29-APR-22,50,11
120345,"Samsung Galaxy ","C1","Android",128,8,7.59,12,4,4000,6.5,195,3190,09-FEB-22,50,16
120346,"Asus","Galaxy A13","Android",32,12,9.85,50,8,4000,5.9,228,3290,05-OCT-21,50,32
120347,"Samsung","Galaxy A32","Android",32,8,6.98,12,8,5000,6.6,183,3590,31-DEC-21,50,32
120348,"Samsung","Galaxy A53","Android",64,4,6.82,50,11,5000,6.5,271,34500,27-JUL-22,50,16
120349,"Samsung","Galaxy S22","Android",128,4,,64,16,5000,6.5,207,3190,27-JAN-21,50,32
120350,"Samsung","Galaxy S22 Plus","Android",128,4,1.42,50,32,3700,6.1,178,38500,27-APR-22,50,32
120351,"Samsung","Galaxy S22 Ultra","Android",128,4,1.02,48,32,4500,6.6,210,39500,22-JAN-21,50,13
120352,"Samsung","Galaxy Z Flip 3","Android",256,6,1.35,50,16,5000,6.8,173,39900,24-MAR-22,50,16
120353,"Samsung","Galaxy Z Fold 3","Android",256,6,7.72,50,32,3300,6.7,190,2890,25-FEB-22,50,32
120354,"Samsung","Pixel 6  ","Android",64,3,7.75,50,32,4400,7.6,201,3290,25-FEB-22,50,20
120355,"Google","Pixel 6a","Android",128,8,7.94,50,13,4614,6.4,204,2990,25-FEB-22,50,8
120356,"Google","Pixel 6 Pro ","Android",32,3,8.01,108,16,4410,6.1,218,13000,11-AUG-21,50,16
120357,"Google","Nord N20","Android",64,4,4.22,50,32,5003,6.7,215,24500,11-AUG-21,50,5
120358,"OnePlus","Nord 2T","Android",128,6,6.76,64,20,4500,6.4,179,15500,28-OCT-21,50,5
120359,"OnePlus","10 Pro","Android",128,8,1.36,12,8,4500,6.4,204,167000,21-JUL-21,50,8
120360,"OnePlus","10T","Android",128,8,2.2,50,16,5000,6.7,204,5290,28-OCT-21,50,10
120361,"OnePlus","Find X5 Pro","Android",128,8,3.79,13,5,4800,6.7,195,2590,28-APR-22,50,40
120362,"Oppo","X80 Pro","Android",128,8,7.19,13,5,5000,6.7,225,4590,21-MAY-22,50,10
120363,"Vivo","Redmi Note 11","Android",256,12,3.8,50,8,4700,6.7,215,5190,11-JAN-22,50,4
120364,"Xiaomi","11T Pro","Android",128,8,6.04,64,10,5000,6.4,204,18500,06-AUG-22,50,8
120365,"Xiaomi","12 Pro","Android",128,6,8.86,50,40,5000,6.6,188,30000,14-MAR-22,50,8
120366,"Xiaomi","Poco F4","Android",128,12,11,48,10,4600,6.7,203,67500,29-APR-22,50,11
120367,"Xiaomi","Xperia Pro","Android",128,6,10.12,64,4,4500,6.6,144,2400,09-FEB-22,50,16
120368,"Sony","Moto G Stylus (2022)","Android",128,8,9.81,50,8,4000,6.5,141,38000,05-OCT-21,50,32
120369,"Motorola","Moto G Play (2021)","Android",128,8,2.44,50,8,5000,6.8,174,238000,31-DEC-21,50,32
120370,"Motorola","Moto G Pure","Android",128,8,7.59,108,11,5000,6.5,204,45000,27-JUL-22,50,16
120371,"Motorola","Moto G Power (2022)","Android",256,12,9.85,12,16,4000,6.5,240,36500,27-JAN-21,50,32
120372,"Motorola","Hot 10","Android",256,8,6.98,12,32,5000,6.5,194,10500,27-APR-22,50,32
120373,"Infinix","Y3","Android",128,4,6.82,50,32,4500,6.5,169,48999,14-JAN-21,50,13
120374,"Huawei","V50 Thinq5G","Android",256,8,2.3,12,16,5000,6.1,196,33500,14-OCT-21,50,16
120375,"LG","Xperia Z3","Android",128,8,1.42,50,32,3300,6.6,205,14500,22-FEB-22,50,32
120376,"Sony","F19","Android",128,8,1.02,64,32,4400,6.8,189,160000,18-MAR-22,50,20
120377,"Oppo","9R","Android",512,12,1.35,50,13,4614,6.7,167,349000,24-SEP-21,50,8
120378,"OnePlus","9720","Android",128,6,1.36,48,16,4410,7.6,195,127990,24-SEP-21,50,16
120379,"BlackBerry","7","Android",32,3,2.2,50,32,5003,6.4,228,52000,24-SEP-21,50,5
120380,"Realme","Mobile","Android",32,3,3.79,50,20,4500,6.1,183,25500,24-SEP-21,50,5
120381,"China","Y1s","Android",64,4,8.81,50,8,4500,6.7,271,282000,26-OCT-18,50,8
120382,"Vivo","ROG","Android",64,4,7.22,50,16,5000,6.4,207,80000,12-MAY-21,50,7
120383,"Asus","C1","Android",128,4,9.68,108,5,4800,6.4,178,11000,23-MAR-22,50,12
120384,"Ag-tel","nord TR","Android",128,4,5.96,50,5,5000,6.7,210,27000,22-JAN-21,50,12
120385,"Sharp","G4","Android",128,6,6.35,64,8,4700,6.7,173,33000,24-MAR-22,50,12
120386,"Moto","Lumia","Android",128,6,6.76,12,7,5000,6.7,190,35500,25-FEB-22,50,12
120387,"Microsoft","Mobile","Android",128,3,6.88,12,12,5000,6.7,201,29000,25-FEB-22,50,7
120388,"iPro","Blade","Android",256,8,7.19,12,12,4600,6.4,204,25000,25-FEB-22,50,12
120389,"Google","A03s ","Android",128,3,3.8,12,12,4500,6.6,218,47500,11-AUG-21,50,8
120390,"Google","A50s","Android",128,4,6.04,12,12,4000,6.7,215,28000,11-AUG-21,50,13
120391,"Google","M12","Android",128,6,8.86,12,7,5000,6.6,179,20000,28-OCT-21,50,32
120392,"OnePlus","M02 ","Android",128,8,11,64,12,5000,6.5,204,280000,21-JUL-21,50,10
120393,"OnePlus","Mobile","Android",128,8,10.12,50,8,4000,6.8,204,99000,28-OCT-21,50,10
120394,"OnePlus","Y1s","Android",128,8,9.81,48,13,5000,6.5,195,66500,28-APR-22,50,40
120395,"OnePlus","ROG","Android",128,8,2.44,64,32,2438,6.5,225,17500,22-JAN-21,50,10
120396,"Oppo","C1","Android",256,12,7.59,50,10,3240,6.5,215,95000,24-MAR-22,50,4
120397,"Vivo","nord TR","Android",,,9.85,50,10,3065,6.6,204,31000,25-FEB-22,50,8
120398,"Xiaomi","G4","Android",128,6,6.98,108,40,4352,6.7,188,9500,25-FEB-22,50,8
120399,"Xiaomi","Lumia","Android",256,12,6.82,12,10,2942,6.6,203,365000,25-FEB-22,50,11
120400,"Xiaomi","Mobile","",128,6,2.3,12,4,4000,6.5,141,56000,11-AUG-21,50,16
120401,"Xiaomi","Blade","Android",128,8,1.42,50,8,5000,6.8,174,58000,11-AUG-21,50,32
120402,"Sony","A03s ","Android",512,8,1.02,12,8,5000,6.5,204,29500,28-OCT-21,50,32
120403,"Motorola","A50s","Android",128,8,1.35,50,11,5000,6.5,240,36000,21-JUL-21,50,16
120404,"Motorola"," M12","Android",32,12,6.88,64,16,3700,6.5,194,27500,28-OCT-21,50,32
120405,"Motorola","M02 ","Android",32,8,7.19,50,32,4500,6.5,169,4700,28-APR-22,50,32
120406,"Motorola","Zenfone 8","Android",64,4,3.8,48,32,5000,6.1,196,30000,21-MAY-22,50,13
120407,"Infinix","Galaxy A13","Android",128,4,6.04,50,16,3300,6.6,205,116500,11-JAN-22,50,16
120408,"Huawei","Galaxy A32","Android",128,4,8.86,50,32,4400,6.8,189,205000,06-AUG-22,50,32
120409,"LG","Galaxy A53","Android",128,4,11,50,32,4614,6.7,167,280000,14-MAR-22,50,20
120410,"Sony","Galaxy S22","Android",256,6,10.12,50,13,4410,7.6,195,63500,29-APR-22,50,8
120411,"Oppo","Galaxy S22 Plus","Android",256,6,9.81,108,16,5003,6.4,228,126500,09-FEB-22,50,16
120412,"OnePlus","Galaxy S22 Ultra","Android",64,3,2.44,50,32,4500,6.1,183,41999,05-OCT-21,50,5
120413,"BlackBerry","Galaxy Z Flip 3","Android",128,8,7.59,64,20,4500,6.7,271,21000,31-DEC-21,50,5
120414,"Realme","Galaxy Z Fold 3","Android",32,3,9.85,12,8,5000,6.4,207,40500,27-JUL-22,50,8
120415,"China","Pixel 6 ?","Android",64,4,6.98,50,16,4800,6.4,178,20000,27-JAN-21,50,10
120416,"Vivo","Pixel 6a","Android",128,6,6.82,13,5,5000,6.7,210,38000,27-APR-22,50,40
120417,"Asus","Pixel 6 Pro?","Android",128,8,2.3,13,5,4700,6.7,173,181500,14-JAN-21,50,10
120418,"Ag-tel","Nord N20","Android",128,8,1.42,50,8,5000,6.7,190,29500,14-OCT-21,50,4
120419,"Sharp","Nord 2T","Android",128,8,1.02,64,10,5000,6.7,201,30899,22-FEB-22,50,8
120420,"Moto","10 Pro","Android",,8,,50,40,4600,6.4,204,57000,18-MAR-22,50,8
120421,"Microsoft","10T","Android",256,12,7.72,48,10,4500,6.6,218,72500,24-SEP-21,50,11
120422,"iPro","Find X5 Pro","Android",128,8,7.75,64,4,4000,6.7,215,33999,24-SEP-21,50,16
120423,"ZTE","X80 Pro","Android",128,6,7.94,50,8,5000,6.6,179,132500,24-SEP-21,50,32
120424,"Samsung Galaxy ","Redmi Note 11","Android",128,12,8.01,50,8,5000,6.5,204,50000,24-SEP-21,50,32
120425,"Samsung Galaxy ","11T Pro","Android",128,6,,108,11,4000,6.8,204,72500,26-OCT-18,50,16
120426,"Samsung Galaxy","12 Pro","Android",128,8,6.76,12,16,5000,6.5,195,88500,12-MAY-21,50,32
120427,"Samsung Galaxy ","Poco F4","",128,8,1.36,,32,4500,6.5,225,72500,23-MAR-22,50,32
120428,"Asus","Xperia Pro","Android",128,8,2.2,50,32,5000,6.6,215,54500,22-JAN-21,50,13
120429,"Samsung","Moto G Stylus (2022)","Android",256,12,3.79,12,16,3300,6.7,204,39990,24-MAR-22,50,16
120430,"Samsung","Moto G Play (2021)","Android",256,8,7.19,50,32,4400,6.6,188,72500,25-FEB-22,50,32
120431,"Samsung","Moto G Pure","Android",128,4,3.8,64,32,4614,6.5,203,28500,25-FEB-22,50,20
120432,"Samsung","Moto G Power (2022)","Android",256,8,6.04,50,13,4410,6.8,144,72500,25-FEB-22,50,8
120433,"Samsung","Hot 10","Android",128,8,8.86,48,16,5003,6.5,141,7000,11-AUG-21,50,16
120434,"Samsung","Y3","Android",128,8,11,50,32,4500,6.5,174,30000,11-AUG-21,50,5
120435,"Samsung","V50 Thinq5G","Android",512,12,10.12,50,20,4500,6.5,204,75000,28-OCT-21,50,5
120436,"Samsung","Xperia Z3","Android",128,6,9.81,50,8,5000,6.5,240,48000,21-JUL-21,50,8
120437,"Google","F19","Android",32,3,2.44,50,16,4800,6.1,194,48000,28-OCT-21,50,7
120438,"Google","9R","Android",32,3,7.59,108,5,5000,6.6,169,63000,28-APR-22,50,12
120439,"Google","9720","Android",64,4,9.85,50,5,4700,6.8,196,58000,22-JAN-21,50,12
120440,"OnePlus","7","Android",64,4,6.98,64,8,5000,6.7,205,36500,24-MAR-22,50,12
120441,"OnePlus","Mobile","Android",128,4,6.82,12,7,5000,7.6,189,31500,25-FEB-22,50,12
120442,"OnePlus","Y1s","Android",128,4,2.3,12,12,4600,6.4,167,26500,25-FEB-22,50,7
120443,"OnePlus","ROG","Android",128,6,1.42,12,12,4500,6.1,195,40000,25-FEB-22,50,12
120444,"Oppo","C1","Android",128,6,1.02,12,12,4000,6.7,228,19000,11-AUG-21,50,8
120445,"Vivo","Galaxy A13","Android",128,3,1.35,12,12,5000,6.4,183,31000,11-AUG-21,50,13
120446,"Xiaomi","Galaxy A32","",256,8,1.36,12,7,5000,,271,290000,28-OCT-21,50,32
120447,"Xiaomi","Galaxy A53","Android",128,3,2.2,64,12,4000,6.7,207,36500,21-JUL-21,50,10
120448,"Xiaomi","Galaxy S22","Android",128,4,3.79,50,8,5000,6.7,178,19500,28-OCT-21,50,10
120449,"Xiaomi","Galaxy S22 Plus","Android",128,6,8.81,48,13,5000,6.7,210,9000,28-APR-22,50,40
120450,"Sony","Galaxy S22 Ultra","Android",128,8,7.22,64,32,4700,6.7,173,15500,21-MAY-22,50,10
120451,"Motorola","Galaxy Z Flip 3","Android",128,8,9.68,50,10,5000,6.4,190,39000,11-JAN-22,50,4
120452,"Motorola","Galaxy Z Fold 3","Android",128,8,5.96,50,10,5000,6.6,141,74999,06-AUG-22,50,8
120453,"Motorola","Pixel 6  ","Android",128,8,6.35,108,40,4600,6.7,174,42000,14-MAR-22,50,8
120454,"Motorola","Pixel 6a","Android",256,12,6.76,12,10,4500,6.6,204,18000,29-APR-22,50,11
120455,"Infinix","Pixel 6 Pro ","Android",256,8,6.88,12,4,4000,6.5,240,16800,09-FEB-22,50,16
120456,"Huawei","Nord N20","Android",128,6,7.19,50,8,5000,6.8,194,31000,05-OCT-21,50,32
120457,"LG","Nord 2T","Android",256,12,3.8,12,8,5000,6.5,169,23500,31-DEC-21,50,32
120458,"Sony","10 Pro","Android",128,6,6.04,50,11,4000,6.5,196,94500,27-JUL-22,50,16
120459,"Oppo","10T","Android",128,8,8.86,64,16,2438,6.5,205,65000,27-JAN-21,50,32
120460,"OnePlus","Find X5 Pro","Android",512,8,11,50,32,3240,6.5,189,36000,27-APR-22,50,32
120461,"BlackBerry","X80 Pro","Android",128,8,10.12,48,32,3065,6.6,167,25500,14-JAN-21,50,13
120462,"Realme","Redmi Note 11","Android",32,12,9.81,50,16,4352,6.7,195,23500,14-OCT-21,50,16
120463,"China","11T Pro","Android",32,8,2.44,50,32,2942,6.6,228,19000,,50,32
120464,"Vivo","12 Pro","Android",64,4,7.59,50,32,4000,6.5,183,19500,18-MAR-22,50,20
120465,"Asus","Poco F4","Android",128,4,9.85,50,13,5000,6.8,271,34000,24-SEP-21,50,8
120466,"Ag-tel","Xperia Pro","Android",128,4,6.98,108,16,5000,6.5,207,105000,24-SEP-21,50,16
120467,"Sharp","Moto G Stylus (2022)","Android",128,4,6.82,50,32,5000,6.5,178,46500,24-SEP-21,50,5
120468,"Moto","Moto G Play (2021)","Android",256,6,2.3,64,20,3700,6.5,210,65000,24-SEP-21,50,5
120469,"Microsoft","Moto G Pure","Android",256,6,1.42,12,8,4500,6.5,173,15500,26-OCT-18,50,8
120470,"iPro","Moto G Power (2022)","Android",64,3,1.02,50,16,5000,6.1,190,37000,12-MAY-21,50,10
120471,"ZTE","Hot 10","Android",128,8,1.35,13,5,3300,6.6,201,30000,23-MAR-22,50,40
120472,"Samsung Galaxy ","Y3","Android",32,3,6.88,13,5,4400,6.8,204,19500,22-JAN-21,50,10
120473,"Samsung Galaxy ","V50 Thinq5G","Android",64,4,7.19,50,8,4614,6.7,218,26500,24-MAR-22,50,4
120474,"Samsung Galaxy","Xperia Z3","Android",128,6,3.8,64,10,4410,7.6,215,22000,25-FEB-22,50,8
120475,"Samsung Galaxy ","F19","Android",128,8,6.04,50,40,5003,6.4,179,17900,25-FEB-22,50,8
120476,"OnePlus","9R","Android",128,8,8.86,48,10,4500,,204,600,25-FEB-22,50,11
120477,"Oppo","9720","Android",128,8,11,64,4,4500,6.7,204,30000,11-AUG-21,50,16
120478,"Vivo","7","Android",128,8,10.12,50,8,5000,6.4,195,10000,11-AUG-21,50,32
120479,"Xiaomi","Mobile","Android",256,12,9.81,50,8,4800,6.4,225,30000,28-OCT-21,50,32
120480,"Xiaomi","Y1s","Android",128,8,2.44,108,11,5000,6.7,215,20000,21-JUL-21,50,16
120481,"Xiaomi","ROG","Android",128,6,7.59,12,16,4700,6.7,204,18000,28-OCT-21,50,32
120482,"Xiaomi","C1","Android",128,12,9.85,12,32,5000,6.7,188,16997,28-APR-22,50,32
120483,"Sony","nord TR","Android",128,6,6.98,50,32,,6.7,203,84500,18-MAR-22,50,13
120484,"Motorola","G4","Android",128,8,6.82,12,16,4600,6.4,144,16996,24-SEP-21,50,16
120485,"Motorola","Lumia","Android",128,8,2.3,50,32,4500,6.6,141,12000,24-SEP-21,50,32
120486,"Motorola","Mobile","Android",128,8,1.42,64,32,4000,6.7,174,17000,24-SEP-21,50,20
120487,"Motorola","Blade","Android",256,12,1.02,50,13,,6.6,204,59900,24-SEP-21,50,8
120488,"Infinix","A03s ","Android",256,8,1.35,48,16,5000,6.5,240,21500,26-OCT-18,50,16
